year_month,L_t1,L_t2,L_t3,L_t4,L_t5,L_t6,L_t12,L_t+6_6,6_6_forward_rate,2_1_forward_rate,6_6_forecast_errors
1995-07,,,,,,,,0.0003055976066690667,,,
1995-08,,,,,,,,0.00014909828654990255,,,
1995-09,,,,,,,,0.00017245640886089434,,,
1995-10,,,,,,,,0.0001977823871412863,,,
1995-11,,,,,,,,0.0007385501906579899,,,
1995-12,,,,,,,,0.0004989633914887589,,,
1996-01,0.0017797492185573154,0.0008951942683676924,0.0006003638188740395,0.0004529645896069303,0.0003645379249270579,0.0003055976066690667,0.00015836194196214507,0.0004003070530996698,0.00014723566470692165,-0.00029483044949365296,0.0002530713883927482
1996-02,0.0008873985890666615,0.000444416087862245,0.0002967560261107515,0.00022292657515783924,0.00017862936927384875,0.00014909828654990255,7.5274669906642e-05,0.00045119189274495797,7.382361664326056e-05,-0.0001476600617514935,0.0003773682761016974
1996-03,0.0010232566702167202,0.000512771394425663,0.0003426113383465504,0.0002575325900481962,0.0002064863671494623,0.00017245640886089434,8.739056516010039e-05,0.00043153174213677854,8.506584370079395e-05,-0.00017016005607911258,0.0003464658984359846
1996-04,0.0011832119110744628,0.0005919537874617384,0.0003948678825949205,0.0002963250324746986,0.00023719940430123862,0.0001977823871412863,9.924056240115785e-05,0.0003267487101046253,9.854182474012846e-05,-0.00019708590486681787,0.00022820688536449684
1996-05,0.00435010410885477,0.0021831118046764645,0.0014608009471210699,0.0010996605065558339,0.0008829882772182414,0.0007385501906579899,0.00037756172002443054,0.000521936088894071,0.0003609884706335593,-0.0007223108575553946,0.00016094761826051168
1996-06,0.0029422464686564968,0.0014762408922547423,0.0009875842354612775,0.0007432648395359243,0.000596680372816825,0.0004989633914887589,0.00025473448789074896,0.0006837259767714113,0.0002442289035980099,-0.0004886566567934647,0.0004394970731734014
1996-07,0.0023787579057781174,0.0011916784851818513,0.0007959883089101958,0.0005981454480175111,0.0004794415167213169,0.0004003070530996698,0.0002024866259790963,0.0006141216989044502,0.00019782042712057353,-0.00039569017627165556,0.00041630127178387665
1996-08,0.002614808587814301,0.0013165108237112087,0.0008837871891278205,0.00066745730783108,0.0005376851058053297,0.00045119189274495797,0.00023518978436416738,0.0003824027434323798,0.00021600210838079059,-0.0004327236345833882,0.0001664006350515892
1996-09,0.0025824484603451043,0.001291897726468745,0.000861714382704893,0.0006466228865607841,0.0005175681295379037,0.00043153174213677854,0.0002164420067962798,0.00040043904077053115,0.00021508973534049874,-0.0004301833437638519,0.0001853493054300324
1996-10,0.00192071430221582,0.0009643023985347113,0.0006455092356331861,0.00048612079121758395,0.00039049426093858277,0.0003267487101046253,0.00016744289358018772,0.0003720708643212948,0.00015930581652443758,-0.0003187931629015252,0.00021276504779685725
1996-11,0.0031280099586739043,0.0015643654705867155,0.001043150696617979,0.0007825433511884324,0.0006261789771822236,0.000521936088894071,0.00026132915937047063,0.0005778857249392174,0.0002606069295236004,-0.0005212147739687364,0.000317278795415617
1996-12,0.003985892028907562,0.00200445861789293,0.0013440251506081514,0.001013841861343542,0.0008157587978448683,0.0006837259767714113,0.0003538844219079325,0.000644988144200158,0.00032984155486347883,-0.0006604334672847788,0.00031514658933667916
1997-01,0.0036719316225348126,0.0018372438876950385,0.0012256819025559173,0.0009199013551516382,0.0007364333830892112,0.0006141216989044502,0.0003083456147373395,0.0006300757445371172,0.0003057760841671107,-0.0006115619851391212,0.0003242996603700065
1997-02,0.0021677480740347936,0.0010962547837323666,0.000739184634506755,0.0005607210782555758,0.0004537008127392792,0.0003824027434323798,0.00020468552559591377,0.00069162247239858,0.00017771721783646602,-0.0003570701492256116,0.0005139052545621141
1997-03,0.0023985442316955844,0.00119968083845299,0.0008000598002363252,0.0006002493507998791,0.0004803631368945166,0.00040043904077053115,0.00020062928893998426,0.0011490592677266685,0.00019980975183054689,-0.0003996210382166648,0.0009492495158961217
1997-04,0.0021782264726350428,0.0010944799562296896,0.0007332487474787607,0.000552646430796884,0.0004442957233238334,0.0003720708643212948,0.0001916038915355023,0.0005664028361545331,0.00018046697278579251,-0.0003612312087509289,0.0003859358633687406
1997-05,0.0034444513201537293,0.0017245059168258014,0.0011511927951162405,0.000864537745809942,0.0006925459270660013,0.0005778857249392174,0.0002912458660175649,0.0011446368971114618,0.0002866398589216525,-0.0005733131217095608,0.0008579970381898093
1997-06,0.0038342828075386987,0.0019206928274136366,0.00128283388661369,0.0009639077117385548,0.000772554648117201,0.000644988144200158,0.00032609515327256607,0.0012552813959465748,0.0003188929909275919,-0.0006378589407999467,0.0009363884050189829
1997-07,0.003712815059953088,0.0018631227129875872,0.001246574791220218,0.000938313019685995,0.0007533657435190579,0.0006300757445371172,0.00032193752372577944,0.0012521617580815553,0.00030813822081133776,-0.0006165479217673693,0.0009440235372702176
1997-08,0.00398540834911957,0.002008872319680711,0.0013501144318694032,0.0010208016116528141,0.0008232672476787738,0.00069162247239858,0.00036299122342064316,0.0008652726192917156,0.00032863124897793686,-0.0006587578878113076,0.0005366413703137788
1997-09,0.006886399403178876,0.003443994954474181,0.0022965269273554556,0.0017227930056544322,0.0013785527261374634,0.0011490592677266685,0.0005753262654014466,0.000955486670221246,0.0005737330023252219,-0.0011474680271187252,0.00038175366789602405
1997-10,0.003393570552569608,0.001697269646102058,0.0011318361027927253,0.0008491194002926825,0.0006794894341321484,0.0005664028361545331,0.00028368682593811625,0.001281073029324247,0.0002827160102164169,-0.0005654335433093328,0.0009983570191078302
1997-11,0.006837519437441328,0.0034217845558976658,0.002283208046252374,0.0017139211307656398,0.0013723500538903389,0.0011446368971114618,0.0005753634192970859,0.001986856429119409,0.0005692734778143759,-0.0011385765096452918,0.001417582951305033
1997-12,0.007452554111452094,0.0037341570835104252,0.002494702516891296,0.0018749835832226817,0.0015031589168599878,0.0012552813959465748,0.0006356466204829772,0.0018012555666176862,0.0006196347754635976,-0.0012394545666191293,0.0011816207911540886
1998-01,0.007360722515621906,0.00369546163907353,0.002473749317747999,0.0018629242623303135,0.0014964542153746694,0.0012521617580815553,0.000641652556216593,0.0010761424387432889,0.0006105092018649623,-0.001221712321325531,0.00046563323687832654
1998-02,0.005175234584701115,0.002589255330289754,0.0017272629367701324,0.0012962672588016481,0.0010376702673163467,0.0008652726192917156,0.0004342821415115676,0.0008446970397263182,0.00043099047778014804,-0.0008619923935196214,0.00041370656194617017
1998-03,0.005660327502928876,0.0028373860479531427,0.0018964178500162454,0.0014259429898555646,0.0011436654836665852,0.000955486670221246,0.00048510508251263783,0.0007922841686254933,0.00047038158770860815,-0.0009409681979368973,0.0003219025809168852
1998-04,0.007476742482503109,0.0037591094448650077,0.0025199751275892506,0.001900465809498017,0.001528806747771853,0.001281073029324247,0.000662154219868666,0.0011284598073790853,0.000618918809455581,-0.0012391343172757571,0.0005095409979235043
1998-05,0.011464736217601374,0.0057772984729279565,0.003881720667828128,0.002934109227757036,0.0023656854464597235,0.001986856429119409,0.0010410723058613242,0.0010116950336321042,0.0009457841232580846,-0.0018955778050998287,6.591091037401963e-05
1998-06,0.01069626237439899,0.005359212275452438,0.003580210882149246,0.0026907216890424412,0.0021570373950820544,0.0018012555666176862,0.0009118823022250421,0.001109380686915265,0.0008893732643926441,-0.0017790013933031922,0.00022000742252262088
1998-07,0.0064529557622573135,0.0032268676739552857,0.0021515050092486875,0.0016138237004437919,0.0012912149340018528,0.0010761424387432889,0.0005384613655286574,0.001327260405441964,0.0005376810732146314,-0.0010753626647065982,0.0007895793322273327
1998-08,0.005037628969242841,0.002521862426157029,0.001683276037276586,0.001263984689178989,0.0010124113591818925,0.0008446970397263182,0.0004254242386529499,0.0012522789943997554,0.0004192728010733683,-0.0008385863888804431,0.0008330061933263871
1998-09,0.0047432552336175715,0.0023726716749691594,0.0015824774618358208,0.0011873805851824208,0.0009503226432019674,0.0007922841686254933,0.00039718959488654475,0.005079382812152791,0.00039509457373894857,-0.0007901942131333386,0.0046842882384138425
1998-10,0.006612197249535696,0.003321804843157907,0.0022250571178493205,0.001676720740044586,0.001347749043704228,0.0011284598073790853,0.0005805049853301699,0.0012614916281024405,0.0005479548220489154,-0.0010967477253085865,0.0007135368060535251
1998-11,0.006003540320784285,0.003008403764460254,0.002010034685408491,0.0015108574918728849,0.0012113570655308487,0.0010116950336321042,0.0005125919085582991,0.0038899140167275585,0.0004991031250738051,-0.0009983690790517628,0.0033908108916537536
1998-12,0.006625113540826374,0.0033156679787909225,0.0022125214061781847,0.001660949582293369,0.001330007658998545,0.001109380686915265,0.0005578235386139917,0.0031608440650526706,0.0005515571483012733,-0.0011031465726127378,0.002609286916751397
1999-01,0.007857827024222584,0.003939430596862249,0.0026333172227988124,0.0019802746497396264,0.0015884604273068519,0.001327260405441964,0.0006743603896293356,0.0038226106279852477,0.0006529000158126285,-0.0013061133740634363,0.003169710612172619
1999-02,0.007336345657997743,0.0036857366554618924,0.002468923053647026,0.0018605585033513732,0.001495573735505816,0.0012522789943997554,0.0006443445704193422,0.0005310215844925371,0.0006079344239804131,-0.0012168136018148664,-7.691283948787608e-05
1999-03,0.02977480329783154,0.014956899113325836,0.010017814004165038,0.007548434421090104,0.006066937657077225,0.005079382812152791,0.0026116615943942026,0.0011496160034483616,0.002467721217758588,-0.004939085109160798,-0.0013181052143102264
1999-04,0.007389733775480728,0.003712617120655342,0.0024869684174220466,0.0018741869069125356,0.0015065524381403378,0.0012614916281024405,0.0006491462811797959,0.001072304610409874,0.0006123453469226446,-0.0012256487032332956,0.00045995926348722934
1999-05,0.02046366317778686,0.010504489659413337,0.007189609018747567,0.005535898407082741,0.004546735318504398,0.0038899140167275585,0.002277400721395588,0.003332545334930345,0.0016125132953319706,-0.0033148806406657697,0.0017200320395983743
1999-06,0.018520006780829146,0.009304087407556297,0.006232254196728543,0.004696443026076139,0.0037750410730477534,0.0031608440650526706,0.0016261061478337617,0.0024430175360232375,0.0015347379172189089,-0.003071833210827754,0.0009082796188043286
1999-07,0.020623961196636155,0.010533432906217706,0.007173093971096548,0.005495353440167249,0.004490694000521731,0.0038226106279852477,0.002171186569017494,0.0014785307650167835,0.0016514240589677537,-0.0033603389351211576,-0.00017289329395097025
1999-08,0.0031430003193543624,0.001575789598232364,0.0010533938299259217,0.0007922018158021075,0.0006354913161692267,0.0005310215844925371,0.0002698888718728651,0.0008578290547502759,0.00026113271261967195,-0.0005223957683064423,0.0005966963421306039
1999-09,0.006849260794900909,0.003429460277294396,0.002289531312594794,0.0017195702409253512,0.001377596330316136,0.0011496160034483616,0.0005796892186346694,0.0009105595748989313,0.0005699267848136922,-0.001139928964699602,0.0003406327900852391
1999-10,0.006390259756386908,0.0031994748355761663,0.002135883801020528,0.0016040912420461069,0.0012850180765224962,0.001072304610409874,0.0005405417850377865,0.000990886735835952,0.0005317628253720875,-0.0010635910345556383,0.00045912391046386443
1999-11,0.019922669669961073,0.009968584508904775,0.006650559639337763,0.0049915498445630225,0.003996146081242271,0.003332545334930345,0.0016735620120706732,0.0017843684557910713,0.0016589833228596717,-0.0033180248695670123,0.0001253851329313996
1999-12,0.014246665348721063,0.0071640094430329,0.004803278993702375,0.0036230305716587704,0.002914975494117617,0.0024430175360232375,0.0012639623068616396,0.001653218338732926,0.001179055229161598,-0.002360730449330525,0.000474163109571328
2000-01,0.008711959615219112,0.004371787161839973,0.0029251012527714533,0.0022017870838626414,0.0017678216945855153,0.0014785307650167835,0.0007555083785915199,0.001594508153550907,0.0007230223864252636,-0.0014466859090685198,0.0008714857671256434
2000-02,0.005132586443583772,0.0025677303996825876,0.001712778921615316,0.0012853035852318888,0.001028818705702393,0.0008578290547502759,0.0004303577532960832,0.00039123836592908393,0.0004274713014541927,-0.0008549514780672716,-3.6232935525108744e-05
2000-03,0.004942501238168497,0.002521270003839034,0.001714867871127824,0.0013121832597529294,0.0010709940195643094,0.0009105595748989313,0.0005134448058601583,0.00038399814174515037,0.00039711476903877304,-0.00080640213271121,-1.3116627293622673e-05
2000-04,0.00585117017455004,0.0029349400916010037,0.001962883339986335,0.00147686996903263,0.001185273988727556,0.000990886735835952,0.000505025215362077,0.000637924700566662,0.0004858615204738749,-0.0009720567516146687,0.00015206318009278706
2000-05,0.009863709671050583,0.005013365712029872,0.003397482502460258,0.0025902256128410867,0.0021064283044666633,0.0017843684557910713,0.0009843944344673562,0.0014666924450243263,0.0007999740213237151,-0.001615883209569614,0.0006667184237006112
2000-06,0.009424108742117285,0.00476056531635783,0.003206383790264218,0.002429545309889077,0.001963646125616208,0.001653218338732926,0.000879001527001072,0.0012653715789420184,0.0007742168117318539,-0.0015541815260936122,0.0004911547672101645
2000-07,0.009419209514384862,0.0047242967458132465,0.0031593563781782256,0.002376909182266947,0.0019074593124152554,0.001594508153550907,0.0008122935295423445,0.0013165870830065948,0.0007822146240085624,-0.0015649403676350209,0.0005343724589980324
2000-08,0.0023474273590980642,0.001173713963196539,0.0007824761645627428,0.0005868572652458792,0.00046948592565578836,0.00039123836592908393,0.0001956194666125629,0.000570075889630394,0.00019561889931652104,-0.00039123779863379626,0.0003744569903138729
2000-09,0.002296476536778338,0.0011489885187017128,0.0007664928394814736,0.0005752452451354796,0.00046049688486738685,0.00038399814174515037,0.00019275300603048635,0.0004695354256279769,0.00019124513571466402,-0.00038249567922023914,0.0002782902899133129
2000-10,0.003776403937121466,0.00189328891210847,0.0012655930401503125,0.0009517519749163817,0.0007634528471803426,0.000637924700566662,0.0003241530373024047,0.000839136404190053,0.0003137716632642573,-0.0006276958719581575,0.0005253647409257957
2000-11,0.008629370111124236,0.004331629894571047,0.0028990941867786963,0.0021828597368490385,0.0017531458950129912,0.0014666924450243263,0.0007507969682490187,0.0009833679366604879,0.0007158954767753076,-0.0014325357077923503,0.0002674724598851802
2000-12,0.007578633065830802,0.003790675199043856,0.0025280229015496323,0.0018966969964659235,0.0015179016484163138,0.0012653715789420184,0.0006340481137561784,0.00100578889222023,0.00063132346518584,-0.0012626522974942237,0.0003744654270343901
2001-01,0.006867732499985248,0.0035313508582514377,0.00242106864899974,0.0018673505814799675,0.0015362904897253393,0.0013165870830065948,0.0007786899283369638,0.0007737201988778708,0.000537897154669631,-0.0011102822092516978,0.00023582304420823974
2001-02,0.003394472797678202,0.0016998267339943226,0.0011349473483592285,0.0008525096352531772,0.0006830485935759037,0.000570075889630394,0.0002876580867604435,0.00043941047403924806,0.00028241780286995046,-0.0005648793856350941,0.0001569926711692976
2001-03,0.002783999076702123,0.0013953051489248118,0.0009324124062676666,0.0007009699692112277,0.0005621076618693101,0.0004695354256279769,0.0002381326816333957,0.0004000428965776704,0.0002314027439945812,-0.0004628927426571452,0.00016864015258308921
2001-04,0.0048242111522001675,0.002432807878339801,0.0016357919077161296,0.0012373735253901588,0.000998394793609438,0.000839136404190053,0.00044164322469448646,0.000947769483148577,0.0003974931794955666,-0.0007970159706236714,0.0005502763036530104
2001-05,0.005541537573620778,0.002805741713629649,0.0018941040482038018,0.0014385087173182814,0.0011653325770992187,0.0009833679366604879,0.0005301154506878736,0.0009202184905477236,0.00045325248597261427,-0.0009116376654258471,0.00046696600457510936
2001-06,0.005928104475219157,0.002974639225695079,0.001990176018890467,0.001497963390298649,0.00120265104721126,0.00100578889222023,0.0005137685588246002,0.0009313931976631408,0.0004920203333956299,-0.0009844632068046117,0.0004393728642675109
2001-07,0.004609268795112019,0.0023079301973999394,0.0015408204736563709,0.001157267971775074,0.000927138361338656,0.0007737201988778708,0.00039019142323528576,0.0011644330155398113,0.000383528775642585,-0.0007671097237435685,0.0007809042398972262
2001-08,0.002626112807517792,0.0013140897796157448,0.0008767493124931738,0.0006580794858854925,0.0005268779157399853,0.00043941047403924806,0.00022074472894194664,0.0006101268083068527,0.00021866574509730142,-0.000437340467122571,0.00039146106320955127
2001-09,0.0023134036204791367,0.0011652596167129167,0.0007825871584891353,0.000591282820865883,0.0004765259202410415,0.0004000428965776704,0.00020906640467999098,0.0006026755136221129,0.00019097649189767944,-0.0003826724582237814,0.0004116990217244335
2001-10,0.005171161359001479,0.0026351859738223495,0.0017904953090256248,0.001368634953633543,0.0011159141655698104,0.000947769483148577,0.0005311189332359331,0.0007949487371506154,0.0004166505499126439,-0.0008446906647967248,0.00037829818723797144
2001-11,0.0054767092211024946,0.002742800324099924,0.0018315021701707788,0.0013758567078688754,0.0011024723269125872,0.0009202184905477236,0.00046460939462123683,0.0011048266685333636,0.0004556090959264868,-0.0009112981539291453,0.0006492175726068767
2001-12,0.005500388841832674,0.0027589357113385073,0.0018451365235390071,0.0013882508655671541,0.0011141306549618164,0.0009313931976631408,0.00047464856242375594,0.0011083512294344372,0.0004567446352393849,-0.0009137991877995002,0.0006516065941950523
2002-01,0.006930594770612431,0.003470879703233949,0.002317647342553994,0.0017410356657919085,0.0013950722684008946,0.0011644330155398113,0.0005878666462183201,0.0006041235627297252,0.0005765663693214912,-0.0011532323606799552,2.7557193408233975e-05
2002-02,0.003604294495590603,0.0018077588272276024,0.001208925253441338,0.0009095172305040116,0.000729879449737832,0.0006101268083068527,0.0003108074496481404,0.0008000549630022583,0.00029931935865871225,-0.0005988335737862644,0.000500735604343546
2002-03,0.0035833533028254727,0.0017949347582094626,0.0011987991931795958,0.000900734378433261,0.0007218978681177732,0.0006026755136221129,0.0003046405787239484,0.0007792680202248931,0.00029803493489816455,-0.0005961355650298669,0.00048123308532672856
2002-04,0.004738439306465908,0.0023723367519646868,0.0015836386345021844,0.0011892916289971693,0.000952685070436235,0.0007949487371506154,0.0004006223650054453,0.0014613311701730598,0.00039432637214517006,-0.0007886981174625024,0.0010670047980278897
2002-05,0.006575114068083866,0.003292924075987081,0.0021988665865331743,0.0016518422298920025,0.0013236311321068762,0.0011048266685333636,0.000557846461006897,0.0017598957157346827,0.0005469802075264666,-0.0010940574894539065,0.0012129155082082161
2002-06,0.006534668276479936,0.0032787973300923636,0.002193533826450911,0.001650922254046406,0.0013253715107750302,0.0011083512294344372,0.0005659441116102248,0.0015828023601692103,0.0005424071178242124,-0.0010852635036414527,0.001040395242344998
2002-07,0.0036228513099426647,0.001811614622184817,0.0012078690727408577,0.0009059963078763992,0.0007248726568445635,0.0006041235627297252,0.0003022508964788751,0.0017243817011919134,0.0003018726662508501,-0.0006037455494439592,0.0014225090349410633
2002-08,0.004680348151333987,0.002352051067281123,0.0015759922251429108,0.0011879930964486982,0.000955217976125425,0.0008000549630022583,0.0004123645521795864,0.001235042071791784,0.00038769041082267183,-0.0007760588421382121,0.0008473516609691122
2002-09,0.004616773708011912,0.002314240532088463,0.0015467393694047534,0.001162996228851833,0.000932756312246092,0.0007792680202248931,0.00039559999531595835,0.0011094839320766319,0.00038366802490893476,-0.0007675011626837097,0.0007258159071676972
2002-10,0.008662730443673421,0.004341840092542795,0.002901560196951488,0.0021814329458763803,0.001749366777172109,0.0014613311701730598,0.0007413320378037224,0.0011298984157929826,0.0007199991323693374,-0.0014402798955913069,0.00040989928342364515
2002-11,0.010403670821046216,0.005217313374597505,0.0034885582620432128,0.0026242038014795185,0.0021056096566887538,0.0017598957157346827,0.0008957747921127725,0.0013946438770869101,0.0008641209236219102,-0.0017287551125542925,0.000530522953465
2002-12,0.009144857612379778,0.00460709481784764,0.003094682433969588,0.0023386086490495665,0.0018850711067911127,0.0015828023601692103,0.0008280906549823387,0.0014760927242156233,0.0007547117051868716,-0.001512412383878052,0.0007213810190287517
2003-01,0.010341683641950603,0.005171302395439996,0.003447842007285821,0.002586111833722582,0.0020690737459971797,0.0017243817011919134,0.0008626517328353876,0.0029549154949488764,0.0008617299683565258,-0.001723460388154175,0.0020931855265923505
2003-02,0.007331396845452184,0.0036735502721343496,0.002454279293359957,0.0018446522312338604,0.0014788827502078953,0.001235042071791784,0.0006254999588690548,0.0007408878842373834,0.0006095421129227294,-0.0012192709787743924,0.00013134577131465402
2003-03,0.0065285045755070735,0.003276992354026084,0.0021931880957105363,0.0016513109252189418,0.0013262046677859685,0.0011094839320766319,0.0005678600114200702,0.0008008186370943716,0.0005416239206565617,-0.0010838042583155476,0.00025919471643780993
2003-04,0.006416647892493784,0.0032438047178452345,0.002186451913586426,0.001657973871590367,0.0013410474894270778,0.0011298984157929826,0.000603487576500711,0.0010513787451764916,0.0005264108392922716,-0.0010573528042588085,0.0005249679058842201
2003-05,0.008110118530199372,0.004080512198731861,0.002737416597467856,0.0020659491801602666,0.0016631334400774662,0.0013946438770869101,0.0007239993509173651,0.0031723490288342025,0.0006706445261695451,-0.0013430956012640055,0.0025017045026646573
2003-06,0.008800731030815325,0.004405933935950351,0.0029410062686819833,0.002208545962771267,0.0017690726049749222,0.0014760927242156233,0.000743667862593076,0.0011257060756046078,0.0007324248616225473,-0.0014649276672683677,0.0003932812139820606
2003-07,0.01725409570324796,0.008674072136702043,0.005814235161069413,0.004384445531738749,0.00352667540283401,0.0029549154949488764,0.0015264409399208592,0.0033782528191753807,0.0014284745550280171,-0.0028598369756326304,0.0019497782641473636
2003-08,0.004393145403139299,0.002201766274312347,0.0014713147511530428,0.0011060951439276713,0.0008869683147169484,0.0007408878842373834,0.00037573036619729244,0.001326720972199265,0.00036515751804009093,-0.0007304515231593043,0.0009615634541591742
2003-09,0.004801500305575922,0.0024010912075715417,0.0016009548738706424,0.0012008867312490554,0.0009608458650619461,0.0008008186370943716,0.00040075073688994247,0.0015121507152157283,0.00040006790020442916,-0.0008001363337008993,0.0011120828150112992
2003-10,0.006305052762196527,0.003152848286238188,0.0021021134828319433,0.0015767460975654002,0.0012615256795560808,0.0010513787451764916,0.0005260115243384122,0.0015887006431207246,0.0005253672208380795,-0.0010507348034062445,0.0010633334222826451
2003-11,0.018460446223901014,0.00928688788712505,0.0062292670200185885,0.004700631588117702,0.0037835911897737664,0.0031723490288342025,0.001645504182979818,0.0034820123985671984,0.0015268448458543844,-0.003057620867106461,0.0019551675527128137
2003-12,0.006729506426090075,0.0033672225886130203,0.002246462517628928,0.001686083388933081,0.0013498566376849274,0.0011257060756046078,0.0005653360397497292,0.0034680054211360402,0.0005603700358548787,-0.0011207600709840925,0.0029076353852811616
2004-01,0.01998679927407833,0.010021512781361833,0.006699803341848815,0.005038988276879428,0.004042531050972056,0.0033782528191753807,0.001717838488656455,0.0036804618201173008,0.0016604143305189256,-0.003321709439513018,0.0020200474895983754
2004-02,0.007496074588576586,0.0037933532948429857,0.0025594781285349214,0.0019428178062860216,0.0015730461034602135,0.001326720972199265,0.000712961261350266,0.0015895676152952918,0.0006137597108489991,-0.0012338751663080643,0.0009758079044462927
2004-03,0.007825880863921872,0.004030378709671359,0.0027675610921974693,0.0021379675012298113,0.001761707104671187,0.0015121507152157283,0.0009028608062090266,0.001498856956598539,0.0006092899090067017,-0.00126281761747389,0.0008895670475918372
2004-04,0.009506679078292756,0.0047558892803060615,0.003172293592782423,0.002380496433241374,0.0019054186851869786,0.0015887006431207246,0.000796910339503237,0.0015773755972339587,0.0007917903036174876,-0.0015835956875236384,0.0007855852936164711
2004-05,0.020537203672668685,0.01030384614256968,0.006892807610482385,0.005187349035491763,0.0041641226099848215,0.0034820123985671984,0.001777168560651022,0.002036931552344569,0.0017048438379161765,-0.003411038532087295,0.00033208771442839254
2004-06,0.02058874592449295,0.01031620879197755,0.0068920606257401795,0.00518000975019469,0.004152797830307204,0.0034680054211360402,0.0017561884663724278,0.0022718354815313845,0.0017118169547636125,-0.0034241481662373703,0.000560018526767772
2004-07,0.021842556498074758,0.010945194712524134,0.007312775700385645,0.0054965924389476185,0.004406903523768187,0.0036804618201173008,0.0018645431594000784,0.002352037274799766,0.0018159186607172224,-0.0036324190121384886,0.0005361186140825434
2004-08,0.009123323098730143,0.004602337889274727,0.0030955846267612676,0.002342390968130256,0.0018906224563058694,0.0015895676152952918,0.0008382656144458998,0.001139794610721948,0.000751302000849392,-0.0015067532625134598,0.00038849260987255604
2004-09,0.008945567646388026,0.004477531144393586,0.002988189002868475,0.002243520454134686,0.0017967213446588907,0.001498856956598539,0.0007542137282846385,0.0014690415516884308,0.0007446432283139004,-0.0014893421415251113,0.0007243983233745304
2004-10,0.00939208698840308,0.0047032380749643795,0.0031402957854639348,0.0023588301603915496,0.0018899552078555332,0.0015773755972339587,0.0007959654855466339,0.0008758032180999226,0.0007814101116873248,-0.0015629422895004448,9.439310641259782e-05
2004-11,0.01215324793384327,0.006083442784438078,0.004060179502410972,0.003048551691521503,0.0024415780725254342,0.002036931552344569,0.001025342203486912,0.002383451755151444,0.001011589348857657,-0.0020232632820271065,0.001371862406293787
2004-12,0.013439686462869317,0.0067388678471020135,0.004505297549033247,0.003388539406632012,0.0027185061876647907,0.0022718354815313845,0.0011553502749813633,0.0025214971116356184,0.0011164852065500212,-0.0022335702980687665,0.0014050119050855972
2005-01,0.013833249185876301,0.006944299681846315,0.004648057003655283,0.003499991253462216,0.002811196452408055,0.002352037274799766,0.0012045357794898959,0.001164584043506873,0.00114750149530987,-0.0022962426781910315,1.708254819700306e-05
2005-02,0.006397720836879694,0.00324179690207261,0.002190206465133013,0.0016647032704143105,0.0013496381083189135,0.001139794610721948,0.0006173616955284876,0.0005718834023528635,0.0005224329151934604,-0.0010515904369395972,4.945048715940313e-05
2005-03,0.008435141096674103,0.004254817645094109,0.0028615957908346406,0.0021651507884268184,0.0017474176990391176,0.0014690415516884308,0.0007743114097955796,0.0005273794826509249,0.0006947301418928512,-0.0013932218542594688,-0.00016735065924192627
2005-04,0.004992902471303605,0.0025221100228997877,0.0016986883559001976,0.0012871107395415818,0.0010402718388151382,0.0008758032180999226,0.00046560987867124733,0.0008956168389852872,0.0004101933394286753,-0.0008234216669995901,0.00048542349955661186
2005-05,0.013440448019732593,0.006804128767467657,0.004592720740291913,0.003487547059155319,0.002824872413569208,0.002383451755151444,0.001283834417629686,0.002383338815160975,0.001099617337521758,-0.002211408027175744,0.0012837214776392173
2005-06,0.01419201103239654,0.0071873219887986705,0.004853209058039624,0.0036867477166688885,0.0029873531378384805,0.0025214971116356184,0.0013612798678059163,0.0016797266864083255,0.0011602172438297022,-0.0023341129307590464,0.0005195094425786233
2005-07,0.006863716598871935,0.0034441487191422186,0.0023043221027936097,0.0017344308811057438,0.0013925138805603566,0.001164584043506873,0.0005949166593907347,0.0008482883235366161,0.0005696673841161382,-0.001139826616348609,0.00027862093942047786
2005-08,0.0033142184543778932,0.0016686553985968062,0.001120188013190347,0.0008459948256508498,0.0006815115430390599,0.0005718834023528635,0.0002981059403923158,0.0010445014192167004,0.00027377746196054773,-0.0005484673854064591,0.0007707239572561527
2005-09,0.003152077070775736,0.0015772566335429418,0.0010523171154327023,0.0007898478274669191,0.0006323666318501967,0.0005273794826509249,0.0002649149191910391,0.00029413853111902815,0.0002624645634598858,-0.0005249395181102395,3.167396765914234e-05
2005-10,0.005340848853655731,0.0026737015914549515,0.001784655185228487,0.0013401339954633685,0.0010734228942594246,0.0008956168389852872,0.0004511158751548892,0.0005398861488657032,0.000444500963830398,-0.0008890464062264645,9.538518503530524e-05
2005-11,0.014266091946686066,0.007136436842371942,0.004759886215555954,0.003571611708497636,0.0028586476496490413,0.002383338815160975,0.0011950723859226085,0.0011996121894805609,0.0011882664292383667,-0.002376550626815988,1.134576024219413e-05
2005-12,0.009974584591170062,0.0049976269287544065,0.0033386553181868894,0.002509180242769786,0.0020115037992003326,0.0016797266864083255,0.0008503597429429087,0.0008795015975441054,0.0008293669434654168,-0.001658971610567517,5.0134654078688636e-05
2006-01,0.005069352394410704,0.0025367106832579677,0.0016924978682089677,0.0012703922778412753,0.0010171295778708264,0.0008482883235366161,0.0004261909292604717,0.0007148460114943184,0.0004220973942761444,-0.0008442128150490001,0.000292748617218174
2006-02,0.006107541057872411,0.003069553289689311,0.002056945080180319,0.0015506819711279722,0.0012469570717603075,0.0010445014192167004,0.0005386562536808071,0.00039384735495658405,0.0005058451655358933,-0.001012608209508992,-0.0001119978105793092
2006-03,0.001710560557825321,0.0008606397510918471,0.0005773552050103842,0.0004357298293169764,0.0003507682064863329,0.00029413853111902815,0.00015268612827174218,0.00032189995282369907,0.00014145240284728597,-0.0002832845460814629,0.0001804475499764131
2006-04,0.0031450969418912317,0.0015818595492657495,0.0010608171723947145,0.0008003237126779652,0.0006440499511685906,0.0005398861488657032,0.0002796761736872902,0.0007531695985942017,0.000260209975178413,-0.000521042376871035,0.0004929596234157887
2006-05,0.00688531774670426,0.0034733425613195424,0.0023361998176575907,0.0017677664031484524,0.0014268177039679058,0.0011996121894805609,0.0006326050207632478,0.0008777849422974684,0.000567007168717313,-0.0011371427436619517,0.0003107777735801554
2006-06,0.0052643251593662895,0.0026334298015091313,0.0017564650889488346,0.0013179830378596128,0.001054894051476365,0.0008795015975441054,0.00044102260385445717,0.0009122944768725782,0.00043847899368964826,-0.0008769647125602966,0.00047381548318292996
2006-07,0.004154102082002496,0.0020903763620740523,0.0014025247811633099,0.0010586420092330456,0.0008523469816832526,0.0007148460114943184,0.0003714038519879845,0.0007602534235132742,0.0003434421595063339,-0.0006878515809107424,0.0004168112640069403
2006-08,0.002362436979472479,0.0011812831976730658,0.0007875652727697574,0.0005907063120905721,0.00047259093710111394,0.00039384735495658405,0.00019698841200571486,0.00032312301655157346,0.0001968589429508692,-0.0003937179249033085,0.00012626407360070426
2006-09,0.001918347871456809,0.0009604755826796169,0.0006411859973538482,0.0004815420890894821,0.0003857564526098152,0.00032189995282369907,0.00016226493346408022,0.00036966300739285033,0.00015963501935961885,-0.0003192895853257687,0.00021002798803323148
2006-10,0.004473510430200324,0.002241287526440418,0.0014972193477006401,0.001125189859520379,0.0009019758550225948,0.0007531695985942017,0.0003811864716945383,0.0003980900781060126,0.0003719831268996634,-0.0007440681787397778,2.610695120634917e-05
2006-11,0.005195655311222617,0.0026048945370008283,0.0017413204283048141,0.0013095430121378973,0.0010504842939576473,0.0008777849422974684,0.00044610489173746714,0.0011031602307767304,0.00043168005056000127,-0.0008635741086960142,0.000671480180216729
2006-12,0.005465191312311072,0.0027334526733110496,0.0018228733061671437,0.0013675837570294154,0.0010944101351278881,0.0009122944768725782,0.00045700627365207326,0.000847397811231258,0.00045528820322050497,-0.0009105793671439059,0.00039210960801075304
2007-01,0.004560676319771738,0.002280422575766442,0.0015203379965146725,0.001140295708451342,0.0009122703368634332,0.0007602534235132742,0.00038021115107764707,0.0008179591115199631,0.0003800422724356271,-0.0007600845792517697,0.00043791683908433603
2007-02,0.0019126885220691438,0.0009589351424948675,0.000641022028696986,0.00048206899085109274,0.00038669999101291274,0.00032312301655157346,0.00016420552695564156,0.0005134295755747628,0.0001589174895959319,-0.00031791311379788156,0.0003545120859788309
2007-03,0.002201149682233305,0.001102252554521947,0.0007359552169527749,0.000552807828868474,0.0004429204221399584,0.00036966300739285033,0.00018652849940384636,0.0005075459142733734,0.00018313450798900397,-0.00036629733756917207,0.00032441140628436936
2007-04,0.0023805663109477656,0.0011910795049470003,0.0007945842581409303,0.000596336901311764,0.0004773887006160385,0.0003980900781060126,0.00019984539368218124,0.0006331985091124119,0.00019824468442383134,-0.00039649524680607,0.0004349538246885806
2007-05,0.006598705243799541,0.0033013757533343372,0.0022022667502224844,0.0016527128693293212,0.0013229810376281007,0.0011031602307767304,0.0005536125707358736,0.0028441183616291082,0.0005495476600408568,-0.0010991090031118528,0.0022945707015882516
2007-06,0.005031541045237659,0.002521033042324613,0.001684204380155873,0.0012657955646867573,0.0010147546971275968,0.000847397811231258,0.00042904458433051546,0.0018580144089421049,0.00041835322690074255,-0.0008368286621687402,0.0014396611820413623
2007-07,0.004877808411639509,0.0024418915045959525,0.0016299216415823876,0.0012239385418171896,0.0009803501491462293,0.0008179591115199631,0.00041199441312301355,0.0025751965550038073,0.00040596469839694957,-0.000811969863013565,0.0021692318566068577
2007-08,0.002999048215404801,0.0015075897955838756,0.0010104659116289463,0.0007619257783180751,0.0006128192391089459,0.0005134295755747628,0.00026511195235527825,0.0015989143246940992,0.00024831762321948455,-0.0004971238839549294,0.0013505967014746146
2007-09,0.003037192486039007,0.0015194036838868975,0.001013474369381551,0.0007605099269020294,0.0006087314333241945,0.0005075459142733734,0.0002545836237928765,0.001319473265613136,0.00025296229048049683,-0.0005059293145053465,0.001066510975132639
2007-10,0.003782634332984207,0.0018929699474768958,0.0012630827818607235,0.00094813992184842,0.0007591747845829729,0.0006331985091124119,0.0003182629006773074,0.0012907465905892073,0.0003149356084351045,-0.0006298871656161722,0.0009758109821541028
2007-11,0.016535422092386756,0.008319974897957471,0.005581712755068903,0.004212747919313543,0.003391502847090813,0.0028441183616291082,0.0014768555785850004,0.002398146514573787,0.0013672627830441078,-0.002738262142888568,0.0010308837315296793
2007-12,0.010907007959112284,0.005477401469557027,0.0036676024529275616,0.002762755533972959,0.0022198896384473814,0.0018580144089421049,0.0009537020574008859,0.0022799659293528335,0.000904312351541219,-0.0018097990166294651,0.0013756535778116146
2008-01,0.015111833677312144,0.007589550638523742,0.005082222768786795,0.003828634024526889,0.0030765411982157376,0.0025751965550038073,0.001322372316055048,0.0020102840440580343,0.0012528242389487593,-0.0025073278697369476,0.0007574598051092751
2008-02,0.009234061070851214,0.004652426139029147,0.003125395397618032,0.0023620167439512836,0.0019040997638748295,0.0015989143246940992,0.0008369425333812811,0.0010281227723859371,0.0007619717913128181,-0.0015270307414111152,0.00026615098107311906
2008-03,0.007883191798941628,0.003944954948863205,0.0026322112405704643,0.001975840818943906,0.0015820197129604618,0.001319473265613136,0.0006631172148334836,0.0009810865550793845,0.0006563560507796523,-0.0013127437082927403,0.00032473050429973225
2008-04,0.007710279762491524,0.0038585538075756568,0.002574647171409598,0.0019326953662695944,0.0015475254946118455,0.0012907465905892073,0.0006488099649806262,0.0013704166057584262,0.0006419366256085811,-0.0012839066361660587,0.0007284799801498452
2008-05,0.013913033754302738,0.0070034634742606365,0.004700484596096486,0.0035491546374534356,0.0028584851076317776,0.002398146514573787,0.0012484520486525463,0.005507085188289093,0.0011496944659212408,-0.0023029788781641506,0.004357390722367852
2008-06,0.013664575529828887,0.00683380909189288,0.004556887171747378,0.003418426381087217,0.0027353500422513696,0.0022799659293528335,0.0011415068342274608,0.009611710206951004,0.0011384590951253727,-0.002276921920145502,0.008473251111825631
2008-07,0.011996753952857958,0.006004857987481537,0.004007564000674892,0.0030089205122936415,0.0024097372263121807,0.0020102840440580343,0.0010116757475643592,0.00999872923867006,0.000998608296493675,-0.001997293986806645,0.009000120942176386
2008-08,0.005907326016499129,0.002979353270456919,0.0020035113203255737,0.001515703040920106,0.001223109013965146,0.0010281227723859371,0.0005414786411021794,0.004236871857542051,0.0004866441312837577,-0.0009758419501313454,0.003750227726258293
2008-09,0.005850820833950558,0.002928971585882543,0.001955024726588028,0.0014680534671254921,0.0011758724497092001,0.0009810865550793845,0.00049413709631514,0.00702800168084974,0.00048694945876424456,-0.0009739468592945147,0.006541052222085495
2008-10,0.00812255055791325,0.004071221351261875,0.0027207945210137342,0.0020455933146927446,0.001640482381862123,0.0013704166057584262,0.0006953386088039223,0.008467435380419452,0.0006750779969545039,-0.0013504268302481411,0.007792357383464948
2008-11,0.0328109177853437,0.01642855311531527,0.010967786565372879,0.008237419568334493,0.006599212410789463,0.005507085188289093,0.002776881828301306,0.00972817992024545,0.0027302033599877866,-0.005460766549942391,0.006997976560257663
2008-12,0.05711368327867435,0.028612283739518737,0.019111888985720714,0.014361745532750636,0.01151170268386486,0.009611710206951004,0.0048621099158748845,0.008420551999616867,0.0047496002910761195,-0.009500394753798023,0.0036709517085407473
2009-01,0.059918158315516126,0.029966497195002943,0.0199826113793305,0.014990669390095634,0.011995504931617764,0.00999872923867006,0.0050067964439441896,0.010037423561938163,0.004991932794725871,-0.009983885815672444,0.005045490767212292
2009-02,0.02492152314413495,0.012510336336284643,0.008373405554804366,0.006305039172256791,0.005064098864403184,0.004236871857542051,0.0021695103717408876,0.010178073320098971,0.0020673614858011634,-0.004136930781480277,0.008110711834297808
2009-03,0.04142235884297686,0.020785213368537083,0.013906341304328766,0.0104670380656695,0.008403562736975415,0.00702800168084974,0.003590044216253917,0.010113776542623428,0.0034379574645958234,-0.006878872064208317,0.006675819078027605
2009-04,0.04743381151899883,0.024044793489675597,0.01625147619238025,0.012357115413073508,0.010022362655514002,0.008467435380419452,0.004597270273913093,0.005336427482877345,0.0038701651065063585,-0.007793317297295346,0.0014662623763709868
2009-05,0.05751751931899271,0.028843415811771644,0.0192855474422624,0.014506738223960798,0.011639552960429745,0.00972817992024545,0.004950634175236709,0.03468471616250329,0.004777545745008741,-0.009557868369509243,0.029907170417494553
2009-06,0.04535422917182955,0.023171950868191633,0.015785056633598086,0.012097126225415322,0.00988887765168308,0.008420551999616867,0.00479246989244527,0.004895560032095471,0.0036280821071715966,-0.0073868942345935475,0.001267477924923874
2009-07,0.06007354780057178,0.03005185809948152,0.02004463324921804,0.015041024613563351,0.012038862465274601,0.010037423561938163,0.005033852892167112,0.03770555593802054,0.005003570669771051,-0.01000722485026348,0.03270198526824949
2009-08,0.06071371614302026,0.03039224783883669,0.020285119242168956,0.015231575596428772,0.012199465950320896,0.010178073320098971,0.005124737101104814,0.011398186301776591,0.005053336218994157,-0.010107128596667733,0.006344850082782434
2009-09,0.06066219116048896,0.030333142113579074,0.02022345918999975,0.015168617797257736,0.012135713016854364,0.010113776542623428,0.005058935840531789,0.011736565830945999,0.00505484070209164,-0.010109682923579322,0.006681725128854359
2009-10,0.031677725320469995,0.015872800865979454,0.01060454119447067,0.007970447796616514,0.006390020970685105,0.005336427482877345,0.0027027013904966633,0.012911490737995307,0.002633726092380682,-0.0052682596715087834,0.010277764645614624
2009-11,0.20467536363485114,0.1026786948951698,0.068680562872135,0.05168206692152927,0.04148342691955612,0.03468471616250329,0.017691992179171057,0.04030182570754367,0.016992723983332236,-0.0339981320230348,0.023309101724211433
2009-12,0.028787949065312696,0.01445204519382426,0.009673566755796965,0.0072844451487187835,0.005851066653612575,0.004895560032095471,0.002507632392054246,0.035248976576731574,0.0023879276400412246,-0.004778478438027296,0.03286104893669035
2010-01,0.22572737241792504,0.1129142372266561,0.075309873923913,0.05650770359837189,0.045226410467769776,0.03770555593802054,0.018903499060324912,0.033559858219267234,0.018802056877695626,-0.037604363302743096,0.014757801341571609
2010-02,0.06797068458215781,0.03402708295647677,0.022712583258398502,0.017055359073703105,0.013661045119577536,0.011398186301776591,0.005741219939985032,0.0036413711719238935,0.005656966361791559,-0.011314499698078271,-0.0020155951898676652
2010-03,0.07035535421043859,0.03518407885229783,0.023460321176257955,0.017598442920849316,0.01408131643377798,0.011736565830945999,0.005874693405609888,0.011761775651945085,0.005861872425336111,-0.011723757676039875,0.005899903226608974
2010-04,0.07675804433513056,0.03844985026884266,0.02568053938844802,0.01929594942514105,0.015465247925338706,0.012911490737995307,0.006527560070334006,0.03825347230161141,0.006383930667661301,-0.012769310880394638,0.031869541633950116
2010-05,0.24036728676939734,0.12032766454506413,0.08031457219473216,0.06030811241630945,0.04830430574947673,0.04030182570754367,0.020296233770395848,0.0357519572418755,0.02000559193714782,-0.04001309235033197,0.01574636530472768
2010-06,0.21118289358754722,0.10562252508138852,0.07043574167743027,0.0528423545503683,0.04228632593514205,0.035248976576731574,0.01765563524913838,0.037522157424951096,0.017593341327593194,-0.03518678340395824,0.0199288160973579
2010-07,0.2009026251379107,0.10049692354762055,0.0670283701576213,0.050294103822396644,0.040253552312844984,0.033559858219267234,0.01682569565755502,0.004068304749760984,0.016734162561712215,-0.03346855338999925,-0.012665857811951231
2010-08,0.020842777729391013,0.010520048016812585,0.007079760782555155,0.00536008858898408,0.004328665982056071,0.0036413711719238935,0.0019265827943806264,0.01641848273675894,0.0017147883775432671,-0.0034402872342574296,0.014703694359215673
2010-09,0.06828092644202428,0.03436642500790296,0.023062588229069026,0.017411422563270423,0.014021329328262182,0.011761775651945085,0.006118325520493043,0.016405921920330996,0.005643450131452042,-0.011303836778833936,0.010762471788878954
2010-10,0.22707029470336942,0.11377915021354759,0.07601578498105463,0.057134365126394124,0.04580572387463563,0.03825347230161141,0.019374701229730715,0.005886109875739414,0.0188787710718807,-0.03776336523249296,-0.012992661196141285
2010-11,0.21255111874339166,0.10647090240885095,0.07111106966816033,0.05343133315591941,0.042823635399533294,0.0357519572418755,0.018074031695067338,0.006142511178642088,0.017677925546808162,-0.035359832740690614,-0.011535414368166075
2010-12,0.2186859795257876,0.10998021564221766,0.07374743675192869,0.055632914930983254,0.044765704645043786,0.037522157424951096,0.019426722614208577,0.003956590582845721,0.01809543481074252,-0.036232778890288975,-0.014138844227896798
2011-01,0.02414844125024885,0.012100246907250497,0.008084219526448945,0.006076233946659387,0.004871465135749119,0.004068304749760984,0.0020606025473060455,0.04685009987948745,0.0020077022024549388,-0.004016027380801552,0.044842397677032506
2011-02,0.09346816167418362,0.047227811309426965,0.031817838589842204,0.024115487834772315,0.019496208140958593,0.01641848273675894,0.008743548208810818,0.0017497293873486666,0.007674934527948122,-0.01540997271958476,-0.005925205140599456
2011-03,0.09821551187140865,0.049129738211944524,0.03276782021879186,0.024586866144419427,0.01967829763932174,0.016405921920330996,0.008225017150323997,0.004330464641633577,0.008180904770006998,-0.01636191799315266,-0.0038504401283734214
2011-04,0.03401548099942652,0.017135911896654688,0.011510032800843915,0.008697579846343737,0.007010500281966482,0.005886109875739414,0.0030786616901751565,0.010156531423231262,0.0028074481855642573,-0.005625879095810773,0.007349083237667005
2011-05,0.03483095279278227,0.01761334043112743,0.01187563498433591,0.009007919036524013,0.007288209220585365,0.006142511178642088,0.0032866554748952367,0.015833494467847653,0.002855855703746851,-0.005737705446791521,0.012977638764100801
2011-06,0.0237169621115265,0.01186073833480177,0.007908664029011083,0.005932627090994801,0.004747005100121003,0.003956590582845721,0.0019805557951476194,0.04327212116927709,0.0019760347876981014,-0.003952074305790688,0.041296086381578986
2011-07,0.2799774441012028,0.14010085777515724,0.09347538888282664,0.07016269938490101,0.05617512167354141,0.04685009987948745,0.023537861210149336,0.01187573374024027,0.02331223866933811,-0.0466254688923306,-0.011436504929097842
2011-08,0.010402180752490194,0.005210674546311044,0.0034801842515665505,0.002614947950952865,0.002095813261033203,0.0017497293873486666,0.0008845821650207983,0.003685240684676662,0.0008651472223278683,-0.001730490294744494,0.002820093462348794
2011-09,0.02579779817819635,0.012917345222790632,0.008623878490311161,0.006477158332424947,0.005189136819486975,0.004330464641633577,0.0021838772743357,0.00863452118702817,0.002146587367297877,-0.00429346673247947,0.006487933819730293
2011-10,0.04150814073292353,0.022410727874405647,0.01613308345439151,0.013065659049792105,0.011286882015696888,0.010156531423231262,0.008050659978288686,0.010886748554416343,0.0021058714449425763,-0.006277644420014137,0.008780877109473766
2011-11,0.08930802967371258,0.04520932426319043,0.030514359612853592,0.02317037309177967,0.018766812600971777,0.015833494467847653,0.008526127041197838,0.01749058432747126,0.007307367426649815,-0.014694964650336838,0.010183216900821444
2011-12,0.25470565214911034,0.1278417648083658,0.08555505379859495,0.06441264047499817,0.051727949119683016,0.04327212116927709,0.02213926567049258,0.015552115966387349,0.02113285549878451,-0.04228671100977084,-0.005580739532397161
2012-01,0.06845232191977924,0.03450189046645254,0.02318656085236711,0.017530015645626028,0.01413699141751571,0.01187573374024027,0.006230726356325912,0.017067074212508866,0.005645007383914357,-0.011315329614085427,0.011422066828594509
2012-02,0.018738391345518735,0.009684546074876494,0.006673673739080815,0.0051737232633588355,0.004278289242551579,0.003685240684676662,0.0022474892576201384,0.005657574165853611,0.0014377514270565235,-0.003010872335795679,0.0042198227387970876
2012-03,0.051636576840381296,0.0258353209605209,0.017234909824906764,0.012934709879060606,0.010354594412088719,0.00863452118702817,0.004334377599424767,0.009728904936394002,0.004300143587603403,-0.008600411135614137,0.0054287613487905995
2012-04,0.05601187157876804,0.028880450300316954,0.019854848291726443,0.015356127455136644,0.012668510821667095,0.010886748554416343,0.006546232511801754,0.0036361496655707955,0.004340516042614589,-0.009025602008590511,-0.0007043663770437934
2012-05,0.10307626018613365,0.05172351617281915,0.03460637939908214,0.02604814563458429,0.020913474036709227,0.01749058432747126,0.008935742024779812,0.0037948094179234854,0.008554842302691447,-0.01711713677373701,-0.004760032884767961
2012-06,0.09271183246085338,0.046415847399873374,0.03098390403415541,0.023267971142339142,0.018638442480204298,0.015552115966387349,0.007836572861802235,0.003134327467301206,0.007715543104585113,-0.015431943365717963,-0.0045812156372839075
2012-07,0.10048075084693335,0.05043109141673914,0.03374835425421015,0.025407349032720426,0.020403037691117776,0.017067074212508866,0.00872975444880678,0.005608742105956035,0.008337319763702087,-0.016682737162528993,-0.0027285776577460523
2012-08,0.033880654557144375,0.01694680137206321,0.01130218529317456,0.008479878491306821,0.0067864954006258155,0.005657574165853611,0.0028352797574216337,0.0012864960928175278,0.002822294408431977,-0.005644616078888651,-0.0015357983156144492
2012-09,0.05368312675519109,0.02729501196124297,0.01850408059281817,0.014112509785878009,0.011480735842092516,0.009728904936394002,0.00537881803653986,0.0009544242544500805,0.004350086899854142,-0.008790931368424803,-0.0033956626454040616
2012-10,0.021120580765877386,0.01062902159531139,0.007132133427954541,0.005383914467128189,0.0043351643610762365,0.0036361496655707955,0.001890237300587231,0.002253554488292194,0.0017459123649835645,-0.003496888167356848,0.0005076421233086296
2012-11,0.021939270336254677,0.011051366759955196,0.007422471540220618,0.005608330678214632,0.004520093387692047,0.0037948094179234854,0.0019838225508573585,0.001958609584080774,0.001810986867066127,-0.003628895219734578,0.0001476227170146469
2012-12,0.017887009542146073,0.009033568021192786,0.0060830254866423355,0.004608212265338779,0.003723694459440708,0.003134327467301206,0.0016642701708752478,0.0022198398433441436,0.0014700572964259583,-0.0029505425345504504,0.0007497825469181853
2013-01,0.033377555316624744,0.01671617727308261,0.011162414581671271,0.008385555765220504,0.006719458528344768,0.005608742105956035,0.0028321099671772495,0.0018067649309204724,0.002776632138778785,-0.00555376269141134,-0.0009698672078583127
2013-02,0.007323359694971246,0.003700413367439453,0.002493037742286007,0.0018895569597832864,0.0015276358663243899,0.0012864960928175278,0.0006851689972127695,0.0008207156269086504,0.0006013270956047583,-0.001207375625153446,0.0002193885313038921
2013-03,0.005669092270307279,0.002840268311080582,0.0018973346923472063,0.0014258736703968398,0.0011430016965062488,0.0009544242544500805,0.0004830215444755639,0.0010626218121304483,0.0004714027099745166,-0.0009429336187333755,0.0005912191021559317
2013-04,0.013471478248399334,0.006740716630445545,0.004497131876611382,0.0033753413401661756,0.0027022684917645924,0.002253554488292194,0.0011317824074107746,0.003333782436030723,0.0011217720808814194,-0.0022435847538341625,0.0022120103551493036
2013-05,0.01157285654568909,0.005804198882910349,0.003881349378680622,0.0029199519978904357,0.0023431355337237857,0.001958609584080774,0.0009974890727297695,0.0024146332941582705,0.0009611205113510043,-0.001922849504229727,0.0014535127828072662
2013-06,0.012628795052458895,0.006381960547381237,0.004300164321208709,0.003259631532289417,0.002635607245398504,0.0022198398433441436,0.0011831091664654798,0.0018744942066265553,0.0010367306768786638,-0.0020817962261725272,0.0008377635297478914
2013-07,0.010819863561624723,0.005412002796952923,0.0036093830706096968,0.002708073604000367,0.002167288241406045,0.0018067649309204724,0.0009054594356056164,0.0016210286220348933,0.000901305495314856,-0.0018026197263432261,0.0007197231267200373
2013-08,0.004887238417443411,0.0024473135557417443,0.001634008992001231,0.0012273595069729846,0.0009833720568123339,0.0008207156269086504,0.00041409426860335977,0.0016763933736882633,0.0004066213583052906,-0.0008133045637405132,0.0012697720153829726
2013-09,0.0061816946938543765,0.003110011831809075,0.002086196762754648,0.001574349010336676,0.0012672884811116003,0.0010626218121304483,0.0005513858798129808,0.0012644691241363094,0.0005112359323174676,-0.001023815069054427,0.0007532331918188418
2013-10,0.01989341570305272,0.009957611809952133,0.006645685147807147,0.004989727799952908,0.0039961581830621935,0.003333782436030723,0.0016778851657287086,0.001635240831266092,0.0016558972703020142,-0.003311926662144986,-2.0656439035922174e-05
2013-11,0.013620554331831318,0.00689487373942452,0.004653680775336851,0.00353361624510557,0.002862008374698094,0.0024146332941582705,0.001300140752741154,0.0019087952041449733,0.0011144925414171163,-0.0022411929640876694,0.000794302662727857
2013-12,0.011162440211106801,0.005589647122265307,0.00373205790855186,0.0028032696732262197,0.0022460018369519397,0.0018744942066265553,0.0009457700467784737,0.002023891567230636,0.0009287241598480815,-0.0018575892137134469,0.0010951674073825545
2014-01,0.009285266203630915,0.00468590930273951,0.0031530592678702535,0.002386837829639927,0.001927269348192381,0.0016210286220348933,0.0008569150621791446,0.0012200856969556686,0.0007641135598557486,-0.0015328500348692565,0.00045597213709992
2014-02,0.009275361802474767,0.004713463287501036,0.0031936560011696677,0.0024343816394964096,0.0019793286739450185,0.0016763933736882633,0.0009238076027051884,0.0012843105376170243,0.0007525857709830749,-0.0015198072863313685,0.0005317247666339495
2014-03,0.007323352917521525,0.003687651496859055,0.002475873863687221,0.0018700778309377896,0.0015066749649060114,0.0012644691241363094,0.0006596258285406957,0.0013297533810318735,0.0006048432955956136,-0.0012117776331718338,0.0007249100854362599
2014-04,0.009487791119727014,0.004775828147441501,0.0032053171219127447,0.0024201698065124855,0.0019491685578108195,0.001635240831266092,0.0008512030224014541,0.0021366196087870145,0.0007840378088646379,-0.0015705110255287563,0.0013525817999223764
2014-05,0.0112156361734058,0.005631333546715135,0.003769965076619688,0.002839330352421661,0.002280989292675065,0.0019087952041449733,0.0009786634000950175,0.004180729093376044,0.0009301318040499558,-0.0018613684700954465,0.0032505972893260883
2014-06,0.01161071771374943,0.00585767073156248,0.003940302657749976,0.002981856434826677,0.002406980666605487,0.002023891567230636,0.0010679048405156332,0.0021154639325715436,0.0009559867267150029,-0.0019173680738125039,0.0011594772058565407
2014-07,0.007313996641792524,0.003657649842702011,0.002438867653720852,0.001829476617277372,0.0014638420418572366,0.0012200856969556686,0.0006106952413693909,0.0021955553948683833,0.0006093904555862777,-0.0012187821889811587,0.0015861649392821056
2014-08,0.0075133180089354875,0.0037757191319482543,0.00252991730975237,0.001907064996580481,0.001533392684274883,0.0012843105376170243,0.0006619534962911402,0.0030535563454557177,0.0006223570413258842,-0.0012458018221958842,0.0024311993041298335
2014-09,0.0077843692681374135,0.0039114088908931725,0.0026204854000404353,0.001975071365279618,0.0015878613014773733,0.0013297533810318735,0.0006848253317949834,0.002332791468697617,0.0006449280492368901,-0.0012909234908527372,0.001687863419460727
2014-10,0.012228286473840515,0.006172174272298568,0.004153837397591346,0.003144946968437287,0.0025398372284270595,0.0021366196087870145,0.00113060952787125,0.002749204124012578,0.0010060100809157644,-0.0020183368747072224,0.0017431940430968134
2014-11,0.021284501948046534,0.01099768948862934,0.00757666615101973,0.005872288336225618,0.00485473262129576,0.004180729093376044,0.0025458321856454903,0.01082857427992753,0.0016348969077305537,-0.00342102333760961,0.009193677372196975
2014-12,0.01208406874940442,0.006101715150720103,0.0041079902862311704,0.0031114255167254586,0.0025137271373669146,0.0021154639325715436,0.001121987595511529,0.0032886543677755208,0.0009934763370600145,-0.0019937248644889324,0.0022951780307155062
2015-01,0.012473706131657505,0.006305296895026238,0.004249661222286589,0.003222223061892409,0.002606067239717139,0.0021955553948683833,0.0011720727601136857,0.002141444167756524,0.0010234826347546976,-0.002055635672739649,0.0011179615330018265
2015-02,0.015783341059584774,0.008130562545249267,0.005584457439663653,0.004315130141621208,0.0035566041815751834,0.0030535563454557177,0.0018259372113720094,0.001528942375282882,0.0012276191340837082,-0.002546105105585614,0.00030132324119917374
2015-03,0.01343749174566871,0.0067737631398712495,0.0045528206149899565,0.003442576454888478,0.002776613128423008,0.002332791468697617,0.0012248888254667476,0.006303274490288251,0.0011079026432308694,-0.002220942524881293,0.0051953718470573815
2015-04,0.015853977067014323,0.007990100322255674,0.005369143056017057,0.0040589176596618265,0.0032729866242028833,0.002749204124012578,0.0014415874897192053,0.0028915292277904006,0.0013076166342933725,-0.0026209572662386164,0.001583912593497028
2015-05,0.0636341948226278,0.031949712390229215,0.02138858674257705,0.016108301443042917,0.01294035320814219,0.01082857427992753,0.005551107743973115,0.002188095680125391,0.005277466535954414,-0.010561125647652166,-0.0030893708558290232
2015-06,0.018975749200965793,0.009562315004435681,0.006424892970894444,0.004856476269275605,0.003915663547746834,0.0032886543677755208,0.0017232682941405995,0.007675256896149059,0.0015653860736349213,-0.0031374220335412374,0.006109870822514137
2015-07,0.011704381966483874,0.005962390203331148,0.004049776347420291,0.00309452650580167,0.0025222381942045604,0.002141444167756524,0.0011975349139946008,0.0023366695224071622,0.0009439092537619233,-0.0019126138559108566,0.001392760268645239
2015-08,0.00868781518874584,0.004391439834008033,0.0029596614563799466,0.002244035168628175,0.0018148720182159007,0.001528942375282882,0.000816054707982155,0.017085614479997267,0.000712887667300727,-0.0014317783776280867,0.01637272681269654
2015-09,0.0375336500567996,0.01879533794435618,0.012549262787142045,0.00942624690164412,0.007552454751199795,0.006303274490288251,0.003180476769825436,0.006379637696005057,0.0031227977204628153,-0.006246075157214134,0.0032568399755422417
2015-10,0.016805004729911217,0.00845622797830772,0.005673531408877468,0.004282355983229532,0.003447789899303442,0.0028915292277904006,0.0015021241496947489,0.003384337389727588,0.0013894050780956517,-0.0027826965694302515,0.0019949323116319364
2015-11,0.01279547881121476,0.006430707404364041,0.004309230193016539,0.003248576968263103,0.0026122536901263785,0.002188095680125391,0.0011283128484449836,0.008249686094340583,0.0010597828316804075,-0.002121477211347502,0.007189903262660176
2015-12,0.044044997961759265,0.022219593729841995,0.014945634945058767,0.011309545415420114,0.009128609959042706,0.007675256896149059,0.0040483683126150164,0.01866060666784956,0.0036268885835340423,-0.0072739587847832285,0.015033718084315518
2016-01,0.013708835867166966,0.006885257304197904,0.004610823618126086,0.0034736764634156567,0.002791444172082939,0.0023366695224071622,0.0012002310548413827,0.00557475247451065,0.0011364384675657795,-0.0022744336860718185,0.0044383140069448705
2016-02,0.09104078255186658,0.04661386999890302,0.03182241065113488,0.02444013009716756,0.02002177951766365,0.017085614479997267,0.009850440504100194,0.008279767460208703,0.0072351739758970725,-0.01479145934776814,0.0010445934843116306
2016-03,0.03352978528130005,0.017214882998566834,0.011784634434452103,0.009075711398148365,0.007455451732225383,0.006379637696005057,0.0037392612782193254,0.0067930472920171405,0.0026403764177857316,-0.005430248564114731,0.004152670874231408
2016-04,0.019861338586097062,0.00997474488388379,0.006679344064500783,0.005031741899942942,0.004043259546150655,0.003384337389727588,0.0017377340904013478,0.005863922355047885,0.0016466032993262404,-0.003295400819383007,0.004217319055721645
2016-05,0.04539135108575489,0.023092248746546067,0.015663834318419546,0.011953152409660646,0.009729612788225985,0.008249686094340583,0.004576633182889631,0.019614506630768302,0.0036730529114509525,-0.007428414428126522,0.01594145371931735
2016-06,0.1083631858571869,0.05453694645357065,0.03659642039193972,0.027627330308532184,0.022246820770695907,0.01866060666784956,0.0097035367844413,0.004459337558869697,0.00895706988340826,-0.017940526061630928,-0.004497732324538563
2016-07,0.032881952703956045,0.016497246076210965,0.011035805590151361,0.008305181969076664,0.006666885358549111,0.00557475247451065,0.0028451074976000384,0.00235887901021779,0.0027296449769106117,-0.005461440486059604,-0.0003707659666928216
2016-08,0.04695864004377662,0.023745225107322764,0.016009427725385647,0.012143051784218263,0.009824458215564642,0.008279767460208703,0.004429276568619468,0.0019336308050842347,0.0038504908915892354,-0.0077357973819371165,-0.0019168600865050007
2016-09,0.034530389410338626,0.01784737557361768,0.012299458353647385,0.009535646267164188,0.00788574994599,0.0067930472920171405,0.004144307171057396,0.013500107367272429,0.002648740120959744,-0.005547917219970295,0.010851367246312684
2016-10,0.03395762408851328,0.01709967017899438,0.011480925735292077,0.008671986719887958,0.0069869723427141315,0.005863922355047885,0.0030594320616889967,0.0041640991073657214,0.002804490293358888,-0.0056187444437023025,0.0013596088140068333
2016-11,0.10445943569972362,0.053490156983754,0.03652067586466603,0.02805151117371416,0.022982773763040264,0.019614506630768302,0.011315781407497186,0.005090781454607374,0.008298725223271117,-0.01696948111908797,-0.0032079437686637425
2016-12,0.026272665540989008,0.01318431691772431,0.008821650893691439,0.006640405839588186,0.005331729430489578,0.004459337558869697,0.00227898416049337,0.0019419578660412847,0.002180353398376327,-0.004362666024032871,-0.00023839553233504234
2017-01,0.014145873009124772,0.007073676454941403,0.004716277655154606,0.0035375782939710038,0.002830358708231918,0.00235887901021779,0.001180180036283356,0.002767084674865564,0.0011786989739344341,-0.002357398799786797,0.0015883857009311299
2017-02,0.011327134355137323,0.005690769656471332,0.0038120685270912583,0.002872783603805497,0.0023092654151813823,0.0019336308050842347,0.000995014171896518,0.0008977991704317459,0.0009386166331877166,-0.001878701129380074,-4.081746275597076e-05
2017-03,0.07900645300763973,0.039700662182427265,0.026599389758214676,0.02004924940018791,0.016119563851243888,0.013500107367272429,0.006955018935769267,0.0018536707221363132,0.0065450884315031614,-0.01310127242421259,-0.004691417709366848
2017-04,0.02485350796561332,0.01243983508186072,0.0083019533005428,0.006233019302081035,0.0049916644225658224,0.0041640991073657214,0.00209523430226367,0.0017465152865395962,0.0020688648051020516,-0.00413788178131792,-0.00032234951856245533
2017-05,0.029825471411217955,0.014983973574226903,0.010037034496569442,0.007563735921553645,0.006079894200947349,0.005090781454607374,0.002619223279582909,0.00467354035847227,0.0024715581750244654,-0.004946939077657461,0.002201982183447805
2017-06,0.011603900222674086,0.005806726936564185,0.0038743384630781016,0.0029081461943669495,0.0023284324088620155,0.0019419578660412847,0.0009757853382330921,0.0022216975901900075,0.0009661725278081926,-0.001932388473486083,0.001255525062381815
2017-07,0.01654742837551187,0.008279214836220987,0.005523146094470313,0.004145113553320347,0.0033182954933838335,0.002767084674865564,0.0013890704764400786,0.0014506055687791147,0.0013780141984254853,-0.0027560687417506734,7.259137035362938e-05
2017-08,0.005368557636704857,0.002686100083830336,0.0017919483900165735,0.0013448731613872138,0.0010766285191672127,0.0008977991704317459,0.00045073014025857986,0.0014222694762951436,0.000447069030173166,-0.0008941516938137627,0.0009752004461219775
2017-09,0.011066468576783214,0.0055387787414663625,0.0036962191668238158,0.002774942160133326,0.002222178182852673,0.0018536707221363132,0.000932421625968158,0.0014830733932033981,0.0009212490961681552,-0.0018425595746425468,0.0005618242970352429
2017-10,0.009738917397199932,0.004941323399206562,0.0033428324648030394,0.002544125122578987,0.0020653375706541238,0.0017465152865395962,0.0009534939608161408,0.0035119711166449433,0.0007930213257234555,-0.0015984909344035226,0.002718949790921488
2017-11,0.026523562850693894,0.013410190368506252,0.009040173410180862,0.006856004625618887,0.005546182627995073,0.00467354035847227,0.0024981267241037763,0.004410166106781236,0.002175413634368494,-0.00437001695832539,0.0022347524724127417
2017-12,0.012557655900450234,0.006354247197128982,0.0042870482370597944,0.0032539071535616693,0.002634393625580503,0.0022216975901900075,0.0011933506864671493,0.001665462514280159,0.0010283469037228581,-0.0020671989600691875,0.0006371156105573008
2018-01,0.008471301523556875,0.004258633190748719,0.0028544935474853006,0.0021524864149201376,0.0017313325587524665,0.0014506055687791147,0.0007492381545365639,0.0025908352393336446,0.0007013674142425508,-0.0014041396432634187,0.0018894678250910937
2018-02,0.008296853185358416,0.004171837239911232,0.0027969199996650397,0.002109527808491238,0.0016971459368470229,0.0014222694762951436,0.0007355557176608204,0.0021885668194726406,0.0006867137586343233,-0.001374917240246192,0.0015018530608383175
2018-03,0.008859166368397387,0.004433503637452258,0.0029582850403652035,0.002220677478278182,0.0017781143314206695,0.0014830733932033981,0.0007454832531523392,0.002023025699199336,0.000737590140051059,-0.0014752185970870542,0.0012854355591482769
2018-04,0.02095241356663709,0.0104881209667287,0.0070000324664515196,0.005255994998786821,0.0042095779503378734,0.0035119711166449433,0.0017680017622968116,0.001767945912763984,0.0017439693543481317,-0.003488088500277181,2.3976558415852176e-05
2018-05,0.02512732299826259,0.012694284337825684,0.008550843497373155,0.006479809171757455,0.005237743158669306,0.004410166106781236,0.0023462642422679776,0.0025106809381169074,0.0020639018645132582,-0.004143440840452529,0.00044677907360364923
2018-06,0.009820926206237078,0.004927528956545777,0.0032964360804960888,0.0024809194009213125,0.0019916332826746598,0.001665462514280159,0.0008502473053462761,0.0020839861946043876,0.0008152152089338829,-0.0016310928760496883,0.0012687709856705046
2018-07,0.011786447447468904,0.006228658965456197,0.004388791186472867,0.00347894694643674,0.0029415715545973832,0.0025908352393336446,0.0018057579930696312,0.0029226618969831566,0.0007850772462640134,-0.0018398677789833303,0.002137584650719143
2018-08,0.013114944132567186,0.006559116919325239,0.004373841456637326,0.0032812039316396685,0.0026256215817595193,0.0021885668194726406,0.0010959313598712108,0.0027607559464614094,0.0010926354596014298,-0.0021852754626879127,0.0016681204868599796
2018-09,0.011919491007458722,0.005981453111126634,0.004002159857130168,0.0030125529077136143,0.002418820595745421,0.002023025699199336,0.00103382095768979,0.002209843849587776,0.0009892047415095459,-0.0019792932539964662,0.00122063910807823
2018-10,0.010527731884008113,0.005271836128862255,0.0035198789224225964,0.0026439063622956936,0.0021183276680139243,0.001767945912763984,0.0008920341261301434,0.0024088742864114285,0.0008759117866338405,-0.001751957206439659,0.001532962499777588
2018-11,0.014622059196719585,0.007354707235533334,0.004932430541433061,0.003721423443557993,0.0029949248114612722,0.0025106809381169074,0.0013010159325953887,0.0037095577785769256,0.0012096650055215187,-0.002422276694100273,0.002499892773055407
2018-12,0.011894690682939704,0.006007056879746555,0.004044911949190459,0.003064142246322182,0.0024759250663244884,0.0020839861946043876,0.0011063597415701038,0.0018756148186166704,0.0009776264530342838,-0.0019621449305560965,0.0008979883655823866
2019-01,0.017351823102065105,0.008694248701294245,0.005808416405609887,0.004365519677154828,0.0034997972084268823,0.0029226618969831566,0.0014799609007477863,0.001383050460455185,0.0014427009962353703,-0.0028858322956843577,-5.965053578018526e-05
2019-02,0.015946923422711652,0.008034287798595233,0.005397051934479454,0.004078667780251979,0.003287825736691706,0.0027607559464614094,0.001444777102459287,0.0015431302026054758,0.0013159788440021223,-0.002637235864115779,0.00022715135860335348
2019-03,0.013080886700633057,0.0065581646973885965,0.004383956040328937,0.003296875784865257,0.002644646942220792,0.002209843849587776,0.0011230067721843397,0.001646235399374692,0.0010868370774034363,-0.0021742086570596597,0.0005593983219712557
2019-04,0.014290010866440083,0.007161254840268337,0.00478502746816944,0.003596932301610823,0.0028840900509624298,0.0024088742864114285,0.0012209658938123701,0.001709890753934971,0.0011879083925990584,-0.0023762273720988976,0.0005219823613359126
2019-05,0.0221370412268679,0.011080525090480658,0.00739502839140368,0.005552286558714525,0.004446646678234833,0.0037095577785769256,0.001866881378782142,0.0016233451468753686,0.0018426763997947836,-0.0036854966990769785,-0.00021933125291941492
2019-06,0.010855373145235055,0.005466946083024322,0.0036709930433930205,0.0027731595364176376,0.0022345746700563247,0.0018756148186166704,0.0009792505824701414,0.0028085724121692172,0.000896364236146529,-0.0017959530396313016,0.0019122081760226883
2019-07,0.008273193478222885,0.00413910462481704,0.002761076020648781,0.002072062479250818,0.0016586549633299157,0.001383050460455185,0.0006940445431556534,0.0010977651971306839,0.0006890059172995317,-0.0013780286041682592,0.00040875927983115214
2019-08,0.009156280434779611,0.0045883447032085975,0.0030657146229370784,0.002304410980839688,0.0018476379343365555,0.0015431302026054758,0.0007819414933102546,0.0012107640093894964,0.0007611887092952212,-0.0015226300802715191,0.0004495753000942752
2019-09,0.009857004179961182,0.004930541223556247,0.003288387467206192,0.0024673110110443874,0.0019746654750975676,0.001646235399374692,0.0008251631698687245,0.0020238987941138156,0.0008210722295059675,-0.0016421537563500554,0.001202826564607848
2019-10,0.010128435242045292,0.0050772413896159295,0.003393532434495909,0.0025516947467712835,0.00204660560054787,0.001709890753934971,0.0008682225842964835,0.011259112201117371,0.0008416681696384876,-0.0016837089551200203,0.010417444031478883
2019-11,0.009608200947204036,0.004817215662347369,0.003220244437028566,0.002421776775467283,0.00194271057861419,0.0016233451468753686,0.0008250588351771113,0.014595609512376106,0.0007982863116982573,-0.0015969712253188035,0.013797323200677848
2019-12,0.016692442021839993,0.008362060024966821,0.005585286064967697,0.004196914142708739,0.0033639030584064703,0.0028085724121692172,0.0014203521379139391,0.019365994436480505,0.0013882202742552781,-0.002776773959999124,0.017977774162225228
2020-01,0.00654301906258749,0.0032758551830286945,0.0021868044048220995,0.0016422819057874327,0.001315570721492714,0.0010977651971306839,0.000553271742458057,0.011048550961251348,0.0005444934546726269,-0.001089050778206595,0.01050405750657872
2020-02,0.007217354278292663,0.003613387802557167,0.002412069743421745,0.0018114137924498128,0.0014510226879582448,0.0012107640093894964,0.0006101389947715005,0.0058982526899688205,0.0006006250146179959,-0.001201318059135422,0.005297627675350825
2020-03,0.011878751359540897,0.0059656070912383645,0.003994636236290851,0.0030092089905132237,0.0024179993939723635,0.0020238987941138156,0.0010390630376160186,0.0066353915051499185,0.000984835756497797,-0.0019709708549475137,0.005650555748652121
2020-04,0.06307142657233633,0.03197180880170137,0.021609289945375327,0.01643108751508161,0.013326645474459628,0.011259112201117371,0.006113099200277077,0.0043001836199888155,0.005146013000840294,-0.010362518856326042,-0.0008458293808514782
2020-05,0.07609874330914201,0.039133319575410545,0.02683209795410178,0.020697366706523005,0.017029593509169536,0.014595609512376106,0.008637487695936048,0.016065333781549864,0.005958121816440058,-0.012301221621308766,0.010107211965109806
2020-06,0.11444160722029517,0.05739517358515181,0.038380049947259756,0.02887275461829304,0.023168591262560198,0.019365994436480505,0.009861394497159587,0.004930262862291449,0.009504599939320919,-0.019015123637892054,-0.00457433707702947
2020-07,0.0642607379345988,0.03233090681211921,0.02168846419323258,0.01636787260620254,0.013176024576184683,0.011048550961251348,0.005734405044657703,0.003598054528352631,0.005314145916593646,-0.010642442618886631,-0.0017160913882410147
2020-08,0.03534987717754261,0.0176789007082555,0.011788575810607995,0.008843413805969941,0.0070763169586153234,0.0058982526899688205,0.0029530951309066173,0.006646761539942812,0.002945157559062203,-0.0058903248976475055,0.003701603980880609
2020-09,0.039719044830712,0.019868844080457682,0.01325211341397579,0.009943750269463874,0.007958734134561822,0.0066353915051499185,0.0033270502863159642,0.003383711741622049,0.0033083412188339542,-0.006616730666481892,7.537052278809488e-05
2020-10,0.025641036593669262,0.01283648499001225,0.008568314378756051,0.006434239027982426,0.005153801791320061,0.0043001836199888155,0.0021662082816829263,0.0027309287865127305,0.002133975338305889,-0.004268170611256198,0.0005969534482068413
2020-11,0.09358442477748426,0.04706966043263983,0.031565835711258455,0.02381475077291231,0.019164765672650644,0.016065333781549864,0.008322708258733115,0.003513946154757443,0.0077426255228167495,-0.015503824721381378,-0.004228679368059306
2020-12,0.029210179035010796,0.014642041871300209,0.009786058478858587,0.007358113647507821,0.005901384335451688,0.004930262862291449,0.0025027911272253035,0.0029579829083589194,0.002427471735066145,-0.004855983392441622,0.0005305111732927742
2021-01,0.021343090197792236,0.01069595685384349,0.007146949634695081,0.005372474010619033,0.00430781107578664,0.003598054528352631,0.0018238611594597557,0.0027009916157956044,0.0017741933688928753,-0.0035490072191484093,0.0009267982469027291
2021-02,0.03778602522796364,0.019097971557688182,0.012870102651895953,0.00975729199780465,0.007890514397528194,0.006646761539942812,0.0035456533116376794,0.0034626026067166873,0.0031011082283051326,-0.006227868905792229,0.00036149437841155466
2021-03,0.017957601438752975,0.009201901683118921,0.0062870307688981195,0.004832435936235047,0.003962008002181706,0.003383711741622049,0.001960283567002836,0.0039878629234336984,0.0014234281746192132,-0.0029148709142208015,0.0025644347488144852
2021-04,0.015782704647404062,0.007950738558924147,0.005340381136153847,0.004035427561417999,0.003252636881305497,0.0027309287865127305,0.0014282907228365014,0.0036487095659529715,0.001302638063676229,-0.0026103574227703003,0.0023460715022767427
2021-05,0.01956917677730896,0.009931556555438465,0.006720488159266457,0.005116074298380967,0.0041543357139161505,0.003513946154757443,0.001921381754532359,0.0034497627529456692,0.001592564400225084,-0.0032110683961720085,0.0018571983527205852
2021-06,0.01738263135254661,0.008727539083308413,0.005842608974121494,0.004400219719553283,0.003534847059566225,0.0029579829083589194,0.0015163635400329168,0.008374346796691879,0.0014416193683260026,-0.002884930109186919,0.006932727428365876
2021-07,0.016142287704448217,0.00807750003214337,0.0053892408117838025,0.004045113706381562,0.0032386394485403,0.0027009916157956044,0.0013568896319188523,,0.001344101983876752,-0.0026882592203595667,
2021-08,0.017337571315703952,0.008988172383657383,0.006212884248300385,0.004831340584553448,0.004007474516691335,0.0034626026067166873,0.002151054558521769,,0.0013115480481949182,-0.002775288135356998,
2021-09,0.023208413918203708,0.011675209113151664,0.007831097136652575,0.0059092596963794515,0.004756333140372673,0.0039878629234336984,0.002068261457314401,,0.0019196014661192976,-0.003844111976499089,
2021-10,0.021779763885719516,0.010901108124253999,0.007274897252343085,0.00546179760878595,0.004373942461347349,0.0036487095659529715,0.0018356680697341062,,0.0018130414962188653,-0.0036262108719109145,
2021-11,0.020585360506671646,0.010303977029552087,0.006876857469729655,0.005163303896035697,0.004135176722242458,0.0034497627529456692,0.0017362714962453384,,0.0017134912567003308,-0.0034271195598224325,
2021-12,0.05023455230223288,0.02511842889309465,0.016746387791984833,0.012560367267883331,0.010048754974586125,0.008374346796691879,0.004188326537169775,,0.004186020259522104,-0.008372041101109815,
